{
	"n": 30,
	"m": 8,
	"t": 5,
	"L": {
		"_kind_": "ndarray",
		"_value_": [
			791, 937, 701, 583, 583, 870, 863, 587, 655, 572, 663, 893, 841, 693, 536,
			998, 892, 532, 690, 871, 730, 810, 955, 717, 584, 959, 718, 728, 897, 813
		]
	},
	"D": {
		"_kind_": "ndarray",
		"_value_": [
			[
				162.36378906640482, 184.5453873712372, 86.40023148117139,
				132.43866504914644, 140.0142849854971, 82.21921916437786,
				126.09916732476864, 72.09022125087424
			],
			[
				121.26417442921878, 117.04699910719626, 91.92388155425118,
				53.600373133029585, 39.81205847478876, 144.30869689661813,
				139.29106216839614, 170.79227148791014
			],
			[
				19.209372712298546, 35.12833614050059, 100.65783625729296,
				64.53681120105021, 79.63039620647382, 74.94664769020693,
				42.941821107167776, 101.21264743103995
			],
			[
				55.90169943749474, 76.15773105863909, 142.86357128393507,
				125.15989773086265, 141.50971698084905, 74.46475676452586,
				38.28837943815329, 85.14693182963201
			],
			[
				100.41912168506553, 125.1758762701504, 126.17844506887855,
				133.63382805263043, 149.27156460625713, 45.89117562233506,
				57.8013840664737, 33.301651610693426
			],
			[
				69.0, 57.584720195551874, 111.00450441310929, 57.55866572463264,
				61.5223536610881, 124.32618388738553, 101.24228365658294,
				152.2694979304785
			],
			[
				97.12878049270464, 109.7679370308106, 24.020824298928627,
				31.304951684997057, 38.41874542459709, 74.24284477308234,
				88.48163651289458, 97.51410154434076
			],
			[
				88.60022573334675, 112.80514172678478, 131.51805959639154,
				132.06059215375342, 148.21605850919124, 51.10772935672255,
				48.46648326421054, 46.95742752749558
			],
			[
				106.25441167311595, 116.46887996370532, 25.553864678361276, 30.0,
				30.528675044947494, 88.36288813749809, 101.35580891098448,
				111.28791488746656
			],
			[
				138.97481786280562, 163.9176622576103, 123.25988804148737,
				148.64723340849636, 161.9876538505327, 61.220911460055866,
				95.524865872714, 33.301651610693426
			],
			[
				169.92056967889437, 185.9516066077408, 54.0, 106.7941945987702,
				106.04244433244644, 112.60994627474076, 147.85127662620977,
				119.28118040998756
			],
			[
				161.01242188104618, 181.46625030566977, 69.42621983083913,
				119.57006314291216, 125.0, 86.97700845625813, 129.07362240210043,
				84.02380615040002
			],
			[
				31.11269837220809, 7.280109889280518, 133.55523202031435,
				88.10221336606703, 99.56907150315303, 112.25862995778988,
				74.51845409024533, 137.37903770226373
			],
			[
				112.27199116431488, 136.12494260788506, 82.02438661763951,
				107.35455276791944, 120.15406776301833, 28.861739379323623,
				72.44308110509934, 20.0
			],
			[
				186.62529303392935, 210.8885961829136, 134.23859355639868,
				174.9771413642365, 184.8053029542172, 103.36827366266692,
				144.84474446799925, 80.52328855678958
			],
			[
				116.49892703368559, 134.30189872075525, 24.515301344262525,
				67.95586803212802, 74.95331880577403, 61.85466837676846,
				93.49331526906082, 76.40026177965623
			],
			[
				94.26027795418386, 118.82760622010359, 127.94530081249565,
				132.09466302617983, 148.00337833982033, 47.16990566028302,
				52.478567053607705, 39.11521443121589
			],
			[
				15.132745950421556, 13.92838827718412, 132.25732493892352,
				93.08598175880189, 106.77546534667971, 98.37174391053561,
				57.30619512757761, 121.67168939404104
			],
			[
				154.0194792875239, 177.41758650145144, 95.75489543621255,
				135.88230201170424, 145.60219778561037, 71.02112361825881,
				114.73883387938018, 55.10898293381942
			],
			[
				20.396078054371138, 44.28317965096906, 103.07764064044152,
				74.79304780526061, 90.78546139112804, 63.324560795950255,
				26.627053911388696, 87.98295289429652
			],
			[
				109.14210919713803, 101.96568050084302, 101.25709851659784,
				54.644304369257, 45.45327270945405, 143.17122615944868,
				132.30646242719968, 170.57842770995398
			],
			[
				100.42410069301094, 104.01922899156675, 56.302753041036986,
				18.681541692269406, 2.23606797749979, 107.35455276791944,
				108.41586599755591, 133.15404612703287
			],
			[
				35.34119409414458, 60.03332407921454, 99.48869282486326,
				80.00624975587844, 96.46242791885346, 48.507731342539614,
				11.40175425099138, 72.069410986909
			],
			[
				77.10382610480494, 97.62171889492625, 54.405882034941776,
				60.40695324215582, 74.73285756613352, 31.064449134018133,
				51.61395160225576, 56.92099788303083
			],
			[
				32.7566787083184, 56.72741841473134, 119.33147112141039,
				97.57561170702442, 113.84638773364749, 62.00806399170998,
				18.110770276274835, 81.04319835741924
			],
			[
				158.68522300453813, 169.162643630324, 44.654227123532216,
				80.65358020571685, 73.43704787094863, 124.77579893553076,
				148.73466307488647, 140.52046114356443
			],
			[
				160.0562401157793, 175.93464695732902, 44.01136216933077,
				97.01546268507923, 96.76776322722355, 104.65180361560904,
				138.75518008348374, 113.01769772916099
			],
			[
				108.84851859350222, 133.01503674397117, 86.28441342444185,
				108.74741376235114, 122.09013064126027, 25.495097567963924,
				68.06614430096654, 13.892443989449804
			],
			[
				116.84605256490268, 141.76741515595182, 127.90621564255585,
				142.20056258679148, 157.16551784663199, 51.62363799656123,
				73.53910524340094, 29.120439557122072
			],
			[
				182.58422713914803, 190.057885919001, 75.15317691222374,
				100.40418317978589, 89.0, 155.8621185535472, 177.2004514666935,
				172.2556240010758
			]
		]
	},
	"R": {
		"_kind_": "ndarray",
		"_value_": [
			43, 41, 40, 43, 44, 40, 41, 40, 42, 41, 44, 44, 43, 42, 44, 43, 40, 44,
			44, 44, 44, 44, 43, 41, 42, 43, 41, 44, 43, 42
		]
	},
	"Q": {
		"_kind_": "ndarray",
		"_value_": [
			7305, 7648, 9922, 6558, 1112, 1072, 692, 2721, 2308, 4364, 7370, 2534,
			1549, 4936, 5996, 7646, 3174, 4550, 6611, 4398, 5563, 2322, 2521, 7498,
			6997, 2499, 6635, 1149, 8865, 4391, 6484, 5944, 8131, 8134, 2741, 2120,
			9721, 8237, 5538, 3566
		]
	},
	"A": {
		"_kind_": "ndarray",
		"_value_": [
			9.287077688698183, 9.6790914193224, 7.695427970432625, 2.380835682543247,
			8.504005382296866
		]
	},
	"P": { "_kind_": "ndarray", "_value_": [6, 3, 6, 1, 7] },
	"S": { "_kind_": "ndarray", "_value_": [440, 468, 423, 488, 392] },
	"M": { "_kind_": "ndarray", "_value_": [44872, 10652, 45296, 42359, 13185] },
	"C0": 200,
	"l0": 500
}
